{
  "snapshotId": "v1_live_20260616T092810z",
  "modelVersion": "V1",
  "state": "live",
  "nSimulations": 1000,
  "baseGoals": 1.377737,
  "scale": 600.0,
  "createdAt": "2026-06-16T09:28:10+00:00",
  "metadata": {
    "elapsedSeconds": 19.62,
    "nTeams": 48
  },
  "results": {
    "mex": {
      "name": "Mexico",
      "liveElo": 1884.0587734326793,
      "baseElo": 1875.0,
      "fifaPoints": 1687.48,
      "roundOf32": 0.969,
      "roundOf16": 0.627,
      "quarterFinal": 0.308,
      "semiFinal": 0.148,
      "final": 0.069,
      "champion": 0.031
    },
    "rsa": {
      "name": "South Africa",
      "liveElo": 1565.9412265673207,
      "baseElo": 1575.0,
      "fifaPoints": 1428.38,
      "roundOf32": 0.211,
      "roundOf16": 0.055,
      "quarterFinal": 0.01,
      "semiFinal": 0.003,
      "final": 0.0,
      "champion": 0.0
    },
    "kor": {
      "name": "Korea Republic",
      "liveElo": 1779.42451263336,
      "baseElo": 1760.0,
      "fifaPoints": 1591.63,
      "roundOf32": 0.951,
      "roundOf16": 0.516,
      "quarterFinal": 0.191,
      "semiFinal": 0.092,
      "final": 0.03,
      "champion": 0.005
    },
    "cze": {
      "name": "Czechia",
      "liveElo": 1730.57548736664,
      "baseElo": 1750.0,
      "fifaPoints": 1505.74,
      "roundOf32": 0.548,
      "roundOf16": 0.22,
      "quarterFinal": 0.075,
      "semiFinal": 0.024,
      "final": 0.01,
      "champion": 0.002
    },
    "can": {
      "name": "Canada",
      "liveElo": 1640.57548736664,
      "baseElo": 1640.0,
      "fifaPoints": 1559.48,
      "roundOf32": 0.613,
      "roundOf16": 0.234,
      "quarterFinal": 0.061,
      "semiFinal": 0.007,
      "final": 0.002,
      "champion": 0.0
    },
    "bih": {
      "name": "Bosnia and Herzegovina",
      "liveElo": 1649.42451263336,
      "baseElo": 1650.0,
      "fifaPoints": 1387.22,
      "roundOf32": 0.583,
      "roundOf16": 0.222,
      "quarterFinal": 0.062,
      "semiFinal": 0.014,
      "final": 0.002,
      "champion": 0.001
    },
    "qat": {
      "name": "Qatar",
      "liveElo": 1554.9990122799345,
      "baseElo": 1540.0,
      "fifaPoints": 1450.31,
      "roundOf32": 0.533,
      "roundOf16": 0.149,
      "quarterFinal": 0.027,
      "semiFinal": 0.004,
      "final": 0.001,
      "champion": 0.0
    },
    "sui": {
      "name": "Switzerland",
      "liveElo": 1863.0009877200655,
      "baseElo": 1878.0,
      "fifaPoints": 1650.06,
      "roundOf32": 0.892,
      "roundOf16": 0.559,
      "quarterFinal": 0.26,
      "semiFinal": 0.096,
      "final": 0.048,
      "champion": 0.01
    },
    "bra": {
      "name": "Brazil",
      "liveElo": 1984.8192002247013,
      "baseElo": 1991.0,
      "fifaPoints": 1765.86,
      "roundOf32": 0.987,
      "roundOf16": 0.638,
      "quarterFinal": 0.41,
      "semiFinal": 0.23,
      "final": 0.121,
      "champion": 0.059
    },
    "mar": {
      "name": "Morocco",
      "liveElo": 1886.1807997752987,
      "baseElo": 1880.0,
      "fifaPoints": 1755.1,
      "roundOf32": 0.969,
      "roundOf16": 0.509,
      "quarterFinal": 0.283,
      "semiFinal": 0.127,
      "final": 0.043,
      "champion": 0.019
    },
    "hai": {
      "name": "Haiti",
      "liveElo": 1369.5277244558715,
      "baseElo": 1375.0,
      "fifaPoints": 1293.1,
      "roundOf32": 0.018,
      "roundOf16": 0.001,
      "quarterFinal": 0.0,
      "semiFinal": 0.0,
      "final": 0.0,
      "champion": 0.0
    },
    "sco": {
      "name": "Scotland",
      "liveElo": 1700.4722755441285,
      "baseElo": 1695.0,
      "fifaPoints": 1503.34,
      "roundOf32": 0.772,
      "roundOf16": 0.223,
      "quarterFinal": 0.083,
      "semiFinal": 0.028,
      "final": 0.007,
      "champion": 0.003
    },
    "usa": {
      "name": "USA",
      "liveElo": 1878.7916232897337,
      "baseElo": 1845.0,
      "fifaPoints": 1671.23,
      "roundOf32": 0.985,
      "roundOf16": 0.632,
      "quarterFinal": 0.32,
      "semiFinal": 0.121,
      "final": 0.049,
      "champion": 0.022
    },
    "par": {
      "name": "Paraguay",
      "liveElo": 1799.2083767102663,
      "baseElo": 1833.0,
      "fifaPoints": 1505.35,
      "roundOf32": 0.467,
      "roundOf16": 0.225,
      "quarterFinal": 0.096,
      "semiFinal": 0.042,
      "final": 0.021,
      "champion": 0.008
    },
    "aus": {
      "name": "Australia",
      "liveElo": 1753.00446200427,
      "baseElo": 1715.0,
      "fifaPoints": 1579.34,
      "roundOf32": 0.903,
      "roundOf16": 0.417,
      "quarterFinal": 0.149,
      "semiFinal": 0.043,
      "final": 0.012,
      "champion": 0.006
    },
    "tur": {
      "name": "Türkiye",
      "liveElo": 1771.99553799573,
      "baseElo": 1810.0,
      "fifaPoints": 1605.73,
      "roundOf32": 0.36,
      "roundOf16": 0.142,
      "quarterFinal": 0.043,
      "semiFinal": 0.014,
      "final": 0.002,
      "champion": 0.002
    },
    "ger": {
      "name": "Germany",
      "liveElo": 1935.6950228799685,
      "baseElo": 1932.0,
      "fifaPoints": 1735.77,
      "roundOf32": 0.996,
      "roundOf16": 0.663,
      "quarterFinal": 0.345,
      "semiFinal": 0.21,
      "final": 0.095,
      "champion": 0.039
    },
    "cuw": {
      "name": "Curaçao",
      "liveElo": 1391.3049771200315,
      "baseElo": 1395.0,
      "fifaPoints": 1294.77,
      "roundOf32": 0.032,
      "roundOf16": 0.0,
      "quarterFinal": 0.0,
      "semiFinal": 0.0,
      "final": 0.0,
      "champion": 0.0
    },
    "civ": {
      "name": "Côte d'Ivoire",
      "liveElo": 1678.7512899169717,
      "baseElo": 1645.0,
      "fifaPoints": 1540.87,
      "roundOf32": 0.972,
      "roundOf16": 0.29,
      "quarterFinal": 0.082,
      "semiFinal": 0.025,
      "final": 0.004,
      "champion": 0.0
    },
    "ecu": {
      "name": "Ecuador",
      "liveElo": 1904.2487100830283,
      "baseElo": 1938.0,
      "fifaPoints": 1598.52,
      "roundOf32": 0.844,
      "roundOf16": 0.379,
      "quarterFinal": 0.197,
      "semiFinal": 0.091,
      "final": 0.044,
      "champion": 0.02
    },
    "ned": {
      "name": "Netherlands",
      "liveElo": 1939.2497268040488,
      "baseElo": 1948.0,
      "fifaPoints": 1753.57,
      "roundOf32": 0.902,
      "roundOf16": 0.507,
      "quarterFinal": 0.315,
      "semiFinal": 0.137,
      "final": 0.058,
      "champion": 0.025
    },
    "jpn": {
      "name": "Japan",
      "liveElo": 1793.7502731959512,
      "baseElo": 1785.0,
      "fifaPoints": 1661.58,
      "roundOf32": 0.783,
      "roundOf16": 0.292,
      "quarterFinal": 0.12,
      "semiFinal": 0.046,
      "final": 0.019,
      "champion": 0.006
    },
    "swe": {
      "name": "Sweden",
      "liveElo": 1791.9951250147835,
      "baseElo": 1765.0,
      "fifaPoints": 1509.79,
      "roundOf32": 0.971,
      "roundOf16": 0.386,
      "quarterFinal": 0.187,
      "semiFinal": 0.072,
      "final": 0.029,
      "champion": 0.01
    },
    "tun": {
      "name": "Tunisia",
      "liveElo": 1638.0048749852165,
      "baseElo": 1665.0,
      "fifaPoints": 1476.41,
      "roundOf32": 0.116,
      "roundOf16": 0.034,
      "quarterFinal": 0.005,
      "semiFinal": 0.0,
      "final": 0.0,
      "champion": 0.0
    },
    "bel": {
      "name": "Belgium",
      "liveElo": 1876.4829292769039,
      "baseElo": 1888.0,
      "fifaPoints": 1742.24,
      "roundOf32": 0.922,
      "roundOf16": 0.583,
      "quarterFinal": 0.284,
      "semiFinal": 0.108,
      "final": 0.054,
      "champion": 0.018
    },
    "egy": {
      "name": "Egypt",
      "liveElo": 1671.5170707230961,
      "baseElo": 1660.0,
      "fifaPoints": 1562.37,
      "roundOf32": 0.734,
      "roundOf16": 0.278,
      "quarterFinal": 0.083,
      "semiFinal": 0.017,
      "final": 0.003,
      "champion": 0.001
    },
    "irn": {
      "name": "IR Iran",
      "liveElo": 1733.030400356524,
      "baseElo": 1745.0,
      "fifaPoints": 1619.58,
      "roundOf32": 0.617,
      "roundOf16": 0.263,
      "quarterFinal": 0.093,
      "semiFinal": 0.026,