{
  "snapshotId": "v1_live_20260616T091819z",
  "modelVersion": "V1",
  "state": "live",
  "nSimulations": 1000,
  "baseGoals": 1.377737,
  "scale": 600.0,
  "createdAt": "2026-06-16T09:18:19+00:00",
  "metadata": {
    "elapsedSeconds": 16.91,
    "nTeams": 48
  },
  "results": {
    "mex": {
      "name": "Mexico",
      "liveElo": 1884.0587734326793,
      "fifaPoints": 1687.48,
      "roundOf32": 0.984,
      "roundOf16": 0.63,
      "quarterFinal": 0.282,
      "semiFinal": 0.147,
      "final": 0.057,
      "champion": 0.022
    },
    "rsa": {
      "name": "South Africa",
      "liveElo": 1565.9412265673207,
      "fifaPoints": 1428.38,
      "roundOf32": 0.216,
      "roundOf16": 0.071,
      "quarterFinal": 0.018,
      "semiFinal": 0.004,
      "final": 0.0,
      "champion": 0.0
    },
    "kor": {
      "name": "Korea Republic",
      "liveElo": 1779.42451263336,
      "fifaPoints": 1591.63,
      "roundOf32": 0.957,
      "roundOf16": 0.518,
      "quarterFinal": 0.177,
      "semiFinal": 0.064,
      "final": 0.02,
      "champion": 0.003
    },
    "cze": {
      "name": "Czechia",
      "liveElo": 1730.57548736664,
      "fifaPoints": 1505.74,
      "roundOf32": 0.548,
      "roundOf16": 0.231,
      "quarterFinal": 0.081,
      "semiFinal": 0.027,
      "final": 0.007,
      "champion": 0.003
    },
    "can": {
      "name": "Canada",
      "liveElo": 1640.57548736664,
      "fifaPoints": 1559.48,
      "roundOf32": 0.607,
      "roundOf16": 0.215,
      "quarterFinal": 0.062,
      "semiFinal": 0.01,
      "final": 0.001,
      "champion": 0.0
    },
    "bih": {
      "name": "Bosnia and Herzegovina",
      "liveElo": 1649.42451263336,
      "fifaPoints": 1387.22,
      "roundOf32": 0.652,
      "roundOf16": 0.253,
      "quarterFinal": 0.073,
      "semiFinal": 0.018,
      "final": 0.006,
      "champion": 0.001
    },
    "qat": {
      "name": "Qatar",
      "liveElo": 1554.9990122799345,
      "fifaPoints": 1450.31,
      "roundOf32": 0.525,
      "roundOf16": 0.157,
      "quarterFinal": 0.03,
      "semiFinal": 0.004,
      "final": 0.0,
      "champion": 0.0
    },
    "sui": {
      "name": "Switzerland",
      "liveElo": 1863.0009877200655,
      "fifaPoints": 1650.06,
      "roundOf32": 0.874,
      "roundOf16": 0.498,
      "quarterFinal": 0.237,
      "semiFinal": 0.085,
      "final": 0.037,
      "champion": 0.013
    },
    "bra": {
      "name": "Brazil",
      "liveElo": 1984.8192002247013,
      "fifaPoints": 1765.86,
      "roundOf32": 0.984,
      "roundOf16": 0.621,
      "quarterFinal": 0.394,
      "semiFinal": 0.244,
      "final": 0.109,
      "champion": 0.058
    },
    "mar": {
      "name": "Morocco",
      "liveElo": 1886.1807997752987,
      "fifaPoints": 1755.1,
      "roundOf32": 0.968,
      "roundOf16": 0.513,
      "quarterFinal": 0.286,
      "semiFinal": 0.137,
      "final": 0.051,
      "champion": 0.014
    },
    "hai": {
      "name": "Haiti",
      "liveElo": 1369.5277244558715,
      "fifaPoints": 1293.1,
      "roundOf32": 0.014,
      "roundOf16": 0.0,
      "quarterFinal": 0.0,
      "semiFinal": 0.0,
      "final": 0.0,
      "champion": 0.0
    },
    "sco": {
      "name": "Scotland",
      "liveElo": 1700.4722755441285,
      "fifaPoints": 1503.34,
      "roundOf32": 0.774,
      "roundOf16": 0.249,
      "quarterFinal": 0.102,
      "semiFinal": 0.025,
      "final": 0.004,
      "champion": 0.001
    },
    "usa": {
      "name": "USA",
      "liveElo": 1878.7916232897337,
      "fifaPoints": 1671.23,
      "roundOf32": 0.975,
      "roundOf16": 0.635,
      "quarterFinal": 0.336,
      "semiFinal": 0.118,
      "final": 0.064,
      "champion": 0.022
    },
    "par": {
      "name": "Paraguay",
      "liveElo": 1799.2083767102663,
      "fifaPoints": 1505.35,
      "roundOf32": 0.469,
      "roundOf16": 0.214,
      "quarterFinal": 0.081,
      "semiFinal": 0.026,
      "final": 0.013,
      "champion": 0.007
    },
    "aus": {
      "name": "Australia",
      "liveElo": 1753.00446200427,
      "fifaPoints": 1579.34,
      "roundOf32": 0.924,
      "roundOf16": 0.454,
      "quarterFinal": 0.14,
      "semiFinal": 0.051,
      "final": 0.015,
      "champion": 0.007
    },
    "tur": {
      "name": "Türkiye",
      "liveElo": 1771.99553799573,
      "fifaPoints": 1605.73,
      "roundOf32": 0.339,
      "roundOf16": 0.141,
      "quarterFinal": 0.052,
      "semiFinal": 0.018,
      "final": 0.01,
      "champion": 0.003
    },
    "ger": {
      "name": "Germany",
      "liveElo": 1935.6950228799685,
      "fifaPoints": 1735.77,
      "roundOf32": 0.999,
      "roundOf16": 0.618,
      "quarterFinal": 0.319,
      "semiFinal": 0.178,
      "final": 0.083,
      "champion": 0.028
    },
    "cuw": {
      "name": "Curaçao",
      "liveElo": 1391.3049771200315,
      "fifaPoints": 1294.77,
      "roundOf32": 0.03,
      "roundOf16": 0.002,
      "quarterFinal": 0.0,
      "semiFinal": 0.0,
      "final": 0.0,
      "champion": 0.0
    },
    "civ": {
      "name": "Côte d'Ivoire",
      "liveElo": 1678.7512899169717,
      "fifaPoints": 1540.87,
      "roundOf32": 0.959,
      "roundOf16": 0.276,
      "quarterFinal": 0.086,
      "semiFinal": 0.029,
      "final": 0.006,
      "champion": 0.0
    },
    "ecu": {
      "name": "Ecuador",
      "liveElo": 1904.2487100830283,
      "fifaPoints": 1598.52,
      "roundOf32": 0.871,
      "roundOf16": 0.445,
      "quarterFinal": 0.237,
      "semiFinal": 0.128,
      "final": 0.047,
      "champion": 0.026
    },
    "ned": {
      "name": "Netherlands",
      "liveElo": 1939.2497268040488,
      "fifaPoints": 1753.57,
      "roundOf32": 0.91,
      "roundOf16": 0.501,
      "quarterFinal": 0.329,
      "semiFinal": 0.156,
      "final": 0.07,
      "champion": 0.036
    },
    "jpn": {
      "name": "Japan",
      "liveElo": 1793.7502731959512,
      "fifaPoints": 1661.58,
      "roundOf32": 0.761,
      "roundOf16": 0.301,
      "quarterFinal": 0.135,
      "semiFinal": 0.043,
      "final": 0.018,
      "champion": 0.004
    },
    "swe": {
      "name": "Sweden",
      "liveElo": 1791.9951250147835,
      "fifaPoints": 1509.79,
      "roundOf32": 0.958,
      "roundOf16": 0.414,
      "quarterFinal": 0.199,
      "semiFinal": 0.087,
      "final": 0.035,
      "champion": 0.012
    },
    "tun": {
      "name": "Tunisia",
      "liveElo": 1638.0048749852165,
      "fifaPoints": 1476.41,
      "roundOf32": 0.127,
      "roundOf16": 0.045,
      "quarterFinal": 0.01,
      "semiFinal": 0.005,
      "final": 0.001,
      "champion": 0.0
    },
    "bel": {
      "name": "Belgium",
      "liveElo": 1876.4829292769039,
      "fifaPoints": 1742.24,
      "roundOf32": 0.914,
      "roundOf16": 0.548,
      "quarterFinal": 0.272,
      "semiFinal": 0.098,
      "final": 0.05,
      "champion": 0.018
    },
    "egy": {
      "name": "Egypt",
      "liveElo": 1671.5170707230961,
      "fifaPoints": 1562.37,
      "roundOf32": 0.752,
      "roundOf16": 0.302,
      "quarterFinal": 0.084,
      "semiFinal": 0.017,
      "final": 0.005,
      "champion": 0.0
    },
    "irn": {
      "name": "IR Iran",
      "liveElo": 1733.030400356524,
      "fifaPoints": 1619.58,
      "roundOf32": 0.61,
      "roundOf16": 0.275,
      "quarterFinal": 0.095,
      "semiFinal": 0.03,
      "final": 0.012,
      "champion": 0.004
    },
    "nzl": {
      "name": "New Zealand",
      "liveElo": 1516.969599643476,
      "fifaPoints": 1275.58,
      "roundOf32": 0.3,
      "roundOf16": 0.068,
      "quarterFinal": 0.007,
      "semiFinal": 0.003,
      "final": 0.0,
      "champion": 0.0
    },
    "esp": {
      "name": "Spain",
      "liveElo": 2137.9691870379274,
      "fifaPoints": 1874.71,
      "roundOf32": 0.97,
      "roundOf16": 0.713,
      "quarterFinal": 0.512,
      "semiFinal": 0.397,
      "final": 0.283,
      "champion": 0.192
    },
    "cpv": {
      "name": "Cabo Verde",
      "liveElo": 1534.0308129620728,