{
  "hash": "09b9d4a4ae09c331b3266d2f88246f24",
  "elos": {
    "arg": 2130.3960946322677,
    "esp": 2148.880728293168,
    "fra": 2041.2398649261709,
    "eng": 2028.1888247603417,
    "por": 1976.691520281307,
    "bra": 1997.537729863236,
    "mar": 1899.1322359931282,
    "ned": 1968.967653982453,
    "bel": 1876.665616966046,
    "ger": 1919.8720433453573,
    "cro": 1902.1488914369802,
    "ita": 2046,
    "col": 1989.3543048030301,
    "mex": 1916.8205546481402,
    "sen": 1804.9952463747852,
    "uru": 1868.7584986163697,
    "usa": 1870.4960442200118,
    "jpn": 1812.8508269726158,
    "sui": 1888.1996095559712,
    "irn": 1737.8854953518585,
    "den": 1977,
    "tur": 1781.444008667274,
    "ecu": 1909.47858801439,
    "aut": 1810.414987625314,
    "kor": 1735.2868728107503,
    "nga": 1946,
    "aus": 1738.1707409028093,
    "alg": 1712.0777558899854,
    "egy": 1691.9514079652547,
    "can": 1663.454917374472,
    "nor": 1906.4807508952508,
    "ukr": 1912,
    "civ": 1682.2006691015322,
    "pan": 1503.4188516901572,
    "rus": 1894,
    "pol": 1896,
    "wal": 1893,
    "swe": 1772.1324768422849,
    "hun": 1872,
    "cze": 1703.140016190342,
    "par": 1812.889206209905,
    "sco": 1679.5002224419275,
    "srb": 1879,
    "cmr": 1855,
    "tun": 1609.0490422026464,
    "cod": 1588.3811603429604,
    "svk": 1849,
    "gre": 1851,
    "ven": 1844,
    "uzb": 1523.5730145727025,
    "chi": 1833,
    "per": 1833,
    "crc": 1837,
    "rou": 1829,
    "mli": 1836,
    "qat": 1502.0179556486994,
    "irq": 1474.284137803793,
    "irl": 1670,
    "svn": 1825,
    "rsa": 1604.7525563507675,
    "ksa": 1620.5927414388225,
    "bfa": 1796,
    "jor": 1421.1111618524328,
    "bih": 1654.3275174208575,
    "hon": 1768,
    "alb": 1774,
    "cpv": 1553.76803165164,
    "uae": 1759,
    "mkd": 1761,
    "nir": 1752,
    "jam": 1748,
    "geo": 1742,
    "gha": 1643.2434321125208,
    "isl": 1737,
    "fin": 1738,
    "isr": 1723,
    "bol": 1723,
    "kos": 1714,
    "oma": 1710,
    "mne": 1694,
    "gui": 1698,
    "cuw": 1398.4486995387206,
    "hai": 1364.8298117017082,
    "syr": 1688,
    "nzl": 1491.4974797168409,
    "gab": 1674,
    "bul": 1680,
    "ang": 1666,
    "uga": 1667,
    "zam": 1660,
    "chn": 1656,
    "bhr": 1662,
    "ben": 1662,
    "tha": 1656,
    "ple": 1650,
    "blr": 1642,
    "gua": 1649,
    "lux": 1635,
    "vie": 1633,
    "slv": 1633,
    "tjk": 1630,
    "tri": 1631,
    "moz": 1632,
    "mad": 1614,
    "eqg": 1607,
    "kgz": 1603,
    "arm": 1604,
    "com": 1601,
    "ken": 1596,
    "lby": 1595,
    "kaz": 1596,
    "tan": 1594,
    "mtn": 1586,
    "nig": 1593,
    "lbn": 1601,
    "gam": 1577,
    "sdn": 1574,
    "idn": 1563,
    "tog": 1565,
    "prk": 1500,
    "nam": 1567,
    "sle": 1567,
    "fro": 1556,
    "cyp": 1549,
    "sur": 1552,
    "aze": 1556,
    "est": 1542,
    "rwa": 1547,
    "mwi": 1549,
    "zim": 1540,
    "nca": 1537,
    "gnb": 1531,
    "kuw": 1529,
    "cgo": 1529,
    "phi": 1519,
    "mas": 1512,
    "lva": 1516,
    "ind": 1516,
    "cta": 1510,
    "lbr": 1506,
    "tkm": 1506,
    "bdi": 1505,
    "eth": 1499,
    "dom": 1505,
    "yem": 1480,
    "les": 1496,
    "bot": 1493,
    "sgp": 1489,
    "ltu": 1488,
    "guy": 1480,
    "ncl": 1469,
    "skn": 1469,
    "sol": 1465,
    "pur": 1460,
    "fij": 1463,
    "hkg": 1460,
    "tah": 1454,
    "mya": 1448,
    "mda": 1441,
    "van": 1435,
    "mlt": 1427,
    "atg": 1426,
    "grn": 1422,
    "cub": 1421,
    "swz": 1419,
    "lca": 1417,
    "ber": 1417,
    "png": 1415,
    "ssd": 1412,
    "vin": 1410,
    "afg": 1414,
    "and": 1390,
    "mdv": 1398,
    "tpe": 1371,
    "cam": 1360,
    "msr": 1365,
    "nep": 1363,
    "mri": 1360,
    "brb": 1359,
    "blz": 1356,
    "ban": 1350,
    "dma": 1348,
    "cha": 1348,
    "eri": 1339,
    "lao": 1337,
    "cok": 1331,
    "sri": 1326,
    "sam": 1330,
    "aru": 1331,
    "mng": 1333,
    "asa": 1326,
    "bhu": 1333,
    "mac": 1314,
    "bru": 1318,
    "stp": 1312,
    "dji": 1310,
    "cay": 1312,
    "pak": 1285,
    "som": 1298,
    "tga": 1294,
    "tls": 1286,
    "gib": 1272,
    "gum": 1286,
    "sey": 1267,
    "tca": 1267,
    "lie": 1267,
    "bah": 1252,
    "vir": 1246,
    "vgb": 1248,
    "aia": 1229,
    "smr": 1200
  },
  "upsets": [
    {
      "matchId": "fra_sen",
      "winnerId": "sen",
      "loserId": "fra",
      "winnerName": "",
      "loserName": "",
      "score": "0 - 5",
      "expectedProb": 0.14517082246824042,
      "upsetScore": 85.48291775317595,
      "stage": "group"
    },
    {
      "matchId": "G006",
      "winnerId": "rsa",
      "loserId": "kor",
      "winnerName": "",
      "loserName": "",
      "score": "1 - 0",
      "expectedProb": 0.25037136147694966,
      "upsetScore": 74.96286385230503,
      "stage": "group"
    },
    {
      "matchId": "G020",
      "winnerId": "aus",
      "loserId": "tur",
      "winnerName": "",
      "loserName": "",
      "score": "2 - 0",
      "expectedProb": 0.3665922999288324,
      "upsetScore": 63.34077000711675,
      "stage": "group"
    },
    {
      "matchId": "G023",
      "winnerId": "tur",
      "loserId": "usa",
      "winnerName": "",
      "loserName": "",
      "score": "3 - 2",
      "expectedProb": 0.3028707679182749,
      "upsetScore": 69.71292320817251,
      "stage": "group"
    },
    {
      "matchId": "G026",
      "winnerId": "civ",
      "loserId": "ecu",
      "winnerName": "",
      "loserName": "",
      "score": "1 - 0",
      "expectedProb": 0.1562177520757074,
      "upsetScore": 84.37822479242925,
      "stage": "group"
    }
  ]
}